Nbre_de_piece,Prix,Adresse,Image_URL
6,474740000CFA,"Almadies, Dakar, Sénégal",https://images.coinafrique.com/thumb_5386766_uploaded_image1_1750607217.jpg
5,550000CFA,"Sacré-Coeur, Dakar, Sénégal",https://images.coinafrique.com/thumb_5391968_uploaded_image1_1750866685.jpg
3,400000CFA,"Ouakam, Dakar, Sénégal",https://images.coinafrique.com/thumb_5391958_uploaded_image1_1750866345.jpg
4,400000CFA,"Mamelles, Dakar, Sénégal",https://images.coinafrique.com/thumb_5382412_uploaded_image1_1750347529.jpg
3,250000CFA,"Medina, Dakar, Sénégal",https://images.coinafrique.com/thumb_5391956_uploaded_image1_1750866272.jpg
4,700000CFA,"Yoff, Dakar, Sénégal",https://images.coinafrique.com/thumb_5369671_uploaded_image1_1749651598.jpg
4,500000CFA,"Sicap foire, Dakar, Sénégal",https://images.coinafrique.com/thumb_5368138_uploaded_image1_1749567152.jpg
4,2500000CFA,"Fann, Dakar, Sénégal",https://images.coinafrique.com/thumb_5360185_uploaded_image1_1749042754.jpg
4,65900000CFA,"Rufisque, Sénégal",https://images.coinafrique.com/thumb_5360189_uploaded_image1_1749042943.jpg
4,518000CFA,"Yoff, Dakar, Sénégal",https://images.coinafrique.com/thumb_5388398_uploaded_image1_1750689380.jpg
Non spécifié,850000CFA,"Point E, Dakar, Sénégal",https://images.coinafrique.com/thumb_5382323_uploaded_image1_1750343992.jpg
3,350000CFA,"Diamalaye 1, Dakar, Sénégal",https://images.coinafrique.com/thumb_5356287_uploaded_image1_1748865036.jpg
5,600000000CFA,"Almadies, Dakar, Sénégal",https://images.coinafrique.com/thumb_5366382_uploaded_image1_1749471937.jpg
4,550000CFA,"Yoff, Dakar, Sénégal",https://images.coinafrique.com/thumb_5388260_uploaded_image1_1750684375.jpg
3,300000CFA,"Mamelles, Dakar, Sénégal",https://images.coinafrique.com/thumb_5389854_uploaded_image1_1750769638.jpg
4,170000000CFA,"Almadies, Dakar, Sénégal",https://images.coinafrique.com/thumb_5378687_uploaded_image1_1750162748.jpg
Non spécifié,199500000CFA,"Point E, Dakar, Sénégal",https://images.coinafrique.com/thumb_5396151_uploaded_image1_1751115150.jpg
Non spécifié,800000CFA,"Yoff, Dakar, Sénégal",https://images.coinafrique.com/thumb_5396136_uploaded_image1_1751114401.jpg
4,400000CFA,"Mermoz-Sacré Coeur, Dakar, Sénégal",https://images.coinafrique.com/thumb_5367782_uploaded_image1_1749553287.jpg
4,2200000CFA,"Almadies, Dakar, Sénégal",https://images.coinafrique.com/thumb_5394764_uploaded_image1_1751026681.jpg
5,370000000CFA,"Almadies, Dakar, Sénégal",https://images.coinafrique.com/thumb_5374110_uploaded_image1_1749898078.jpg
4,1600000CFA,"Almadies, Dakar, Sénégal",https://images.coinafrique.com/thumb_5381999_uploaded_image1_1750333055.jpg
4,1000000CFA,"Mermoz-Sacré Coeur, Dakar, Sénégal",https://images.coinafrique.com/thumb_5391547_uploaded_image1_1750851531.jpg
4,500000CFA,"Yoff, Dakar, Sénégal",https://images.coinafrique.com/thumb_5381925_uploaded_image1_1750330181.jpg
4,1400000CFA,"Dakar Plateau, Dakar, Sénégal",https://images.coinafrique.com/thumb_5372708_uploaded_image1_1749813486.jpg
3,300000CFA,"Yoff, Dakar, Sénégal",https://images.coinafrique.com/thumb_5381904_uploaded_image1_1750329693.jpg
3,300000CFA,"Yoff, Dakar, Sénégal",https://images.coinafrique.com/thumb_5381915_uploaded_image1_1750329946.jpg
5,2500000CFA,"Almadies, Dakar, Sénégal",https://images.coinafrique.com/thumb_5370876_uploaded_image1_1749722992.jpg
2,300000CFA,"Yoff, Dakar, Sénégal",https://images.coinafrique.com/thumb_5385211_uploaded_image1_1750502812.jpg
4,550000CFA,"Yoff, Dakar, Sénégal",https://images.coinafrique.com/thumb_5385197_uploaded_image1_1750502372.jpg
2,75000000CFA,"Yoff, Dakar, Sénégal",https://images.coinafrique.com/thumb_5389621_uploaded_image1_1750761502.jpg
4,2200000CFA,"Almadies, Dakar, Sénégal",https://images.coinafrique.com/thumb_5358112_uploaded_image1_1748946421.jpg
3,130000CFA,"Keur Massar, Sénégal",https://images.coinafrique.com/thumb_5391368_uploaded_image1_1750845351.jpg
3,150000CFA,"Mbao, Dakar, Sénégal",https://images.coinafrique.com/thumb_5391361_uploaded_image1_1750844929.jpg
4,1500000CFA,"Almadies, Dakar, Sénégal",https://images.coinafrique.com/thumb_5379922_uploaded_image1_1750232552.jpg
4,450000CFA,"Sacré-Coeur, Dakar, Sénégal",https://images.coinafrique.com/thumb_5387395_uploaded_image1_1750642851.jpg
7,500000CFA,"Mamelles, Dakar, Sénégal",https://images.coinafrique.com/thumb_5395688_uploaded_image1_1751076164.jpg
2,250000CFA,"Yoff, Dakar, Sénégal",https://images.coinafrique.com/thumb_5354018_uploaded_image1_1748728838.jpg
4,400000CFA,"Yoff, Dakar, Sénégal",https://images.coinafrique.com/thumb_5389146_uploaded_image1_1750721346.jpg
Non spécifié,160000CFA,"Keur Massar, Sénégal",https://images.coinafrique.com/thumb_5364681_uploaded_image1_1749337106.3.jpeg
Non spécifié,450000CFA,"Mermoz-Sacré Coeur, Dakar, Sénégal",https://images.coinafrique.com/thumb_5364660_uploaded_image1_1749335068.81.jpeg
3,275000CFA,"HLM, Dakar, Sénégal",https://images.coinafrique.com/thumb_5360802_uploaded_image1_1749064946.jpg
4,215000000CFA,"Yoff, Dakar, Sénégal",https://images.coinafrique.com/thumb_5362284_uploaded_image1_1749149322.jpg
2,200000CFA,"Sacré-Coeur, Dakar, Sénégal",https://images.coinafrique.com/thumb_5381113_uploaded_image1_1750275063.jpg
5,3500000CFA,"Almadies, Dakar, Sénégal",https://images.coinafrique.com/thumb_5362230_uploaded_image2_1749147284.jpeg
2,180000CFA,"Damel, Dakar, Sénégal",https://images.coinafrique.com/thumb_5392217_uploaded_image1_1750876766.jpg
4,1500000CFA,"Mermoz-Sacré Coeur, Dakar, Sénégal",https://images.coinafrique.com/thumb_5358826_uploaded_image1_1748969475.jpg
2,250000CFA,"Ouest Foire, Dakar, Sénégal",https://images.coinafrique.com/thumb_5371653_uploaded_image1_1749751767.jpg
4,750000CFA,"Mamelles, Dakar, Sénégal",https://images.coinafrique.com/thumb_5371659_uploaded_image1_1749751923.jpg
2,250000CFA,"HLM, Dakar, Sénégal",https://images.coinafrique.com/thumb_5371644_uploaded_image1_1749751392.jpg
4,725000CFA,"Yoff, Dakar, Sénégal",https://images.coinafrique.com/thumb_5390261_uploaded_image1_1750786107.jpg
4,700000CFA,"Sacré-Coeur, Dakar, Sénégal",https://images.coinafrique.com/thumb_5390249_uploaded_image1_1750785556.jpg
3,325000CFA,"Ngor, Dakar, Sénégal",https://images.coinafrique.com/thumb_5395197_uploaded_image1_1751043703.jpg
4,1600000CFA,"Almadies, Dakar, Sénégal",https://images.coinafrique.com/thumb_5395181_uploaded_image1_1751043286.jpg
4,350000CFA,"Ouakam, Dakar, Sénégal",https://images.coinafrique.com/thumb_5395174_uploaded_image1_1751043106.jpg
3,300000CFA,"Mamelles, Dakar, Sénégal",https://images.coinafrique.com/thumb_5392014_uploaded_image1_1750868795.jpg
4,92000000CFA,"Ngaparou, Sénégal",https://images.coinafrique.com/thumb_5384181_uploaded_image1_1750435212.jpg
4,1500000CFA,"Point E, Dakar, Sénégal",https://images.coinafrique.com/thumb_5395122_uploaded_image1_1751040612.jpg
4,450000CFA,"Almadies, Dakar, Sénégal",https://images.coinafrique.com/thumb_5395066_uploaded_image1_1751038741.jpg
Non spécifié,500000CFA,"Almadies, Dakar, Sénégal",https://images.coinafrique.com/thumb_5395058_uploaded_image1_1751038296.jpg
3,1500000CFA,"Ouakam, Dakar, Sénégal",https://images.coinafrique.com/thumb_5375642_uploaded_image1_1750000228.jpg
3,160000CFA,"Mbao, Dakar, Sénégal",https://images.coinafrique.com/thumb_5389980_uploaded_image1_1750776766.jpg
1,Prixsurdemande,"Dakar Plateau, Dakar, Sénégal",https://images.coinafrique.com/thumb_5371359_uploaded_image1_1749738227.jpg
5,250009CFA,"Grand Dakar, Dakar, Sénégal",https://images.coinafrique.com/thumb_5375566_uploaded_image1_1749994815.jpg
3,1300000CFA,"Almadies, Dakar, Sénégal",https://images.coinafrique.com/thumb_5385440_uploaded_image1_1750512872.jpg
3,450000CFA,"Mamelles, Dakar, Sénégal",https://images.coinafrique.com/thumb_5394906_uploaded_image1_1751031405.jpg
3,750000CFA,"Mermoz-Sacré Coeur, Dakar, Sénégal",https://images.coinafrique.com/thumb_5389874_uploaded_image1_1750770691.jpg
3,1600000CFA,"Ngor, Dakar, Sénégal",https://images.coinafrique.com/thumb_5394841_uploaded_image1_1751029017.jpg
3,180000CFA,"Mbao, Dakar, Sénégal",https://images.coinafrique.com/thumb_5389817_uploaded_image1_1750768319.jpg
2,800000CFA,"Almadies, Dakar, Sénégal",https://images.coinafrique.com/thumb_5394785_uploaded_image1_1751027513.jpg
1,45000000CFA,"Ngor, Dakar, Sénégal",https://images.coinafrique.com/thumb_5375468_uploaded_image1_1749989369.jpg
Non spécifié,450000CFA,"Sacré-Coeur, Dakar, Sénégal",https://images.coinafrique.com/thumb_5394729_uploaded_image1_1751025530.jpg
2,110000CFA,"Mbao, Dakar, Sénégal",https://images.coinafrique.com/thumb_5389616_uploaded_image1_1750761416.jpg
4,250000CFA,"Mbao, Dakar, Sénégal",https://images.coinafrique.com/thumb_5389623_uploaded_image1_1750761599.jpg
4,800000CFA,"Almadies, Dakar, Sénégal",https://images.coinafrique.com/thumb_5394451_uploaded_image1_1751013999.jpg
3,750000CFA,"Sacré-Coeur, Dakar, Sénégal",https://images.coinafrique.com/thumb_5370464_uploaded_image1_1749688348.jpg
3,750000CFA,"Sacré-Coeur, Dakar, Sénégal",https://images.coinafrique.com/thumb_5370466_uploaded_image1_1749688381.jpg
5,Prixsurdemande,"Sicap foire, Dakar, Sénégal",https://images.coinafrique.com/thumb_5394157_uploaded_image1_1750984635.jpg
4,400000CFA,"Yoff, Dakar, Sénégal",https://images.coinafrique.com/thumb_5350179_uploaded_image1_1748467046.jpg
3,300000CFA,"Yoff, Dakar, Sénégal",https://images.coinafrique.com/thumb_5350173_uploaded_image1_1748466742.jpg
3,300000CFA,"Yoff, Dakar, Sénégal",https://images.coinafrique.com/thumb_5350175_uploaded_image1_1748466892.jpg
4,800000CFA,"Dakar, Sénégal",https://images.coinafrique.com/thumb_5394082_uploaded_image1_1750979290.jpg
5,650000CFA,"Dakar, Sénégal",https://images.coinafrique.com/thumb_5394077_uploaded_image1_1750978465.jpg
2,300000CFA,"Mermoz-Sacré Coeur, Dakar, Sénégal",https://images.coinafrique.com/thumb_5357232_uploaded_image1_1748899406.jpg
Non spécifié,1400000CFA,"Dakar Plateau, Dakar, Sénégal",https://images.coinafrique.com/thumb_5370253_uploaded_image1_1749673745.63.jpeg
4,1500000CFA,"Almadies, Dakar, Sénégal",https://images.coinafrique.com/thumb_5352678_uploaded_image1_1748631442.jpg
2,600000CFA,"Mermoz-Sacré Coeur, Dakar, Sénégal",https://images.coinafrique.com/thumb_5393863_uploaded_image1_1750966431.jpg
Non spécifié,650000CFA,"Almadies, Dakar, Sénégal",https://images.coinafrique.com/thumb_5393828_uploaded_image1_1750964429.jpg
4,1036000CFA,"Mermoz-Sacré Coeur, Dakar, Sénégal",https://images.coinafrique.com/thumb_5356930_uploaded_image1_1748886557.jpg
4,200000CFA,"Mbao, Dakar, Sénégal",https://images.coinafrique.com/thumb_5352565_uploaded_image1_1748626464.jpg
4,1000000CFA,"Almadies, Dakar, Sénégal",https://images.coinafrique.com/thumb_5384328_uploaded_image1_1750440485.jpg
4,450000CFA,"Mamelles, Dakar, Sénégal",https://images.coinafrique.com/thumb_5379192_uploaded_image1_1750178803.jpg
Non spécifié,250000CFA,"Almadies, Dakar, Sénégal",https://images.coinafrique.com/thumb_5352489_uploaded_image1_1748621650.jpg
2,250000CFA,"Mamelles, Dakar, Sénégal",https://images.coinafrique.com/thumb_5379178_uploaded_image1_1750177795.jpg
5,110000000CFA,"Yoff, Dakar, Sénégal",https://images.coinafrique.com/thumb_5352467_uploaded_image1_1748620309.jpg
4,300000CFA,"Djily MBaye, Dakar, Sénégal",https://images.coinafrique.com/thumb_5362056_uploaded_image1_1749138476.jpg
3,550000CFA,"Sicap Liberté, Dakar, Sénégal",https://images.coinafrique.com/thumb_5369873_uploaded_image1_1749656881.jpg
2,120000CFA,"Almadies 2, Dakar, Sénégal",https://images.coinafrique.com/thumb_5384117_uploaded_image1_1750432658.jpg
5,1500000CFA,"Almadies, Dakar, Sénégal",https://images.coinafrique.com/thumb_5388446_uploaded_image1_1750691472.jpg
7,1500000CFA,"Almadies, Dakar, Sénégal",https://images.coinafrique.com/thumb_5393481_uploaded_image2_1750950650.jpeg
3,500000CFA,"Dakar, Sénégal",https://images.coinafrique.com/thumb_5393449_uploaded_image1_1750949108.jpg
1,128000000CFA,"Almadies, Dakar, Sénégal",https://images.coinafrique.com/thumb_5374373_uploaded_image1_1749910617.jpg
3,185000000CFA,"Mermoz-Sacré Coeur, Dakar, Sénégal",https://images.coinafrique.com/thumb_5374354_uploaded_image1_1749909198.jpg
2,250000CFA,"Mermoz-Sacré Coeur, Dakar, Sénégal",https://images.coinafrique.com/thumb_5356460_uploaded_image1_1748870585.jpg
4,1600000CFA,"Almadies, Dakar, Sénégal",https://images.coinafrique.com/thumb_5352287_uploaded_image1_1748610407.jpg
3,300000CFA,"Ngor, Dakar, Sénégal",https://images.coinafrique.com/thumb_5361872_uploaded_image1_1749127838.jpg
4,450000CFA,"Mamelles, Dakar, Sénégal",https://images.coinafrique.com/thumb_5361862_uploaded_image1_1749127250.jpg
1,160000CFA,"Fass, Dakar, Sénégal",https://images.coinafrique.com/thumb_5383862_uploaded_image1_1750424344.jpg
3,70000000CFA,"Sipres, Dakar, Sénégal",https://images.coinafrique.com/thumb_5361844_uploaded_image1_1749126862.jpg
4,1000000CFA,"Almadies, Dakar, Sénégal",https://images.coinafrique.com/thumb_5393286_uploaded_image1_1750942430.jpg
4,450000CFA,"Sipres, Dakar, Sénégal",https://images.coinafrique.com/thumb_5369507_uploaded_image1_1749644848.jpg
1,180000CFA,"Fass, Dakar, Sénégal",https://images.coinafrique.com/thumb_5383817_uploaded_image1_1750422740.jpg
Non spécifié,1500000CFA,"Point E, Dakar, Sénégal",https://images.coinafrique.com/thumb_5376925_uploaded_image1_1750077191.92.jpeg
3,700000CFA,"Mamelles, Dakar, Sénégal",https://images.coinafrique.com/thumb_5374236_uploaded_image1_1749903906.jpg
4,700000CFA,"Mariste, Dakar, Sénégal",https://images.coinafrique.com/thumb_5383804_uploaded_image1_1750422316.jpg
3,400000CFA,"Dakar Plateau, Dakar, Sénégal",https://images.coinafrique.com/thumb_5383794_uploaded_image1_1750422055.jpg
2,250000CFA,"Medina, Dakar, Sénégal",https://images.coinafrique.com/thumb_5383787_uploaded_image1_1750421859.jpg
4,1100000CFA,"Sicap Liberté, Dakar, Sénégal",https://images.coinafrique.com/thumb_5378635_uploaded_image1_1750161169.jpg
4,400000CFA,"Almadies, Dakar, Sénégal",https://images.coinafrique.com/thumb_5393186_uploaded_image1_1750938387.jpg
4,500000CFA,"Ouakam, Dakar, Sénégal",https://images.coinafrique.com/thumb_5393170_uploaded_image1_1750937793.jpg
2,160000CFA,"Ouakam, Dakar, Sénégal",https://images.coinafrique.com/thumb_5393155_uploaded_image1_1750937455.jpg
4,181000000CFA,"Mermoz-Sacré Coeur, Dakar, Sénégal",https://images.coinafrique.com/thumb_5356048_uploaded_image1_1748858260.jpg
4,300000CFA,"Djily MBaye, Dakar, Sénégal",https://images.coinafrique.com/thumb_5369124_uploaded_image1_1749631838.jpg
2,250000CFA,"Sacré-Coeur, Dakar, Sénégal",https://images.coinafrique.com/thumb_5392848_uploaded_image1_1750922578.jpg
4,1600000CFA,"Mermoz-Sacré Coeur, Dakar, Sénégal",https://images.coinafrique.com/thumb_5382989_uploaded_image1_1750371807.jpg
2,75000000CFA,"Dakar, Sénégal",https://images.coinafrique.com/thumb_5382982_uploaded_image1_1750371536.jpg
2,165000000CFA,"Ngor, Dakar, Sénégal",https://images.coinafrique.com/thumb_5382971_uploaded_image1_1750371286.jpg
4,900000CFA,"Mermoz-Sacré Coeur, Dakar, Sénégal",https://images.coinafrique.com/thumb_5382945_uploaded_image1_1750370483.jpg
4,900000CFA,"Mermoz-Sacré Coeur, Dakar, Sénégal",https://images.coinafrique.com/thumb_5382907_uploaded_image1_1750369431.jpg
3,400000CFA,"Mariste, Dakar, Sénégal",https://images.coinafrique.com/thumb_5392437_uploaded_image1_1750888052.jpg
3,350000CFA,"Medina, Dakar, Sénégal",https://images.coinafrique.com/thumb_5382885_uploaded_image1_1750368624.jpg
3,290000CFA,"Fass, Dakar, Sénégal",https://images.coinafrique.com/thumb_5382871_uploaded_image1_1750368138.jpg
8,200000CFA,"Thies, Sénégal",https://images.coinafrique.com/thumb_5348341_uploaded_image1_1748369367.jpg
3,450000CFA,"Sacré-Coeur, Dakar, Sénégal",https://images.coinafrique.com/thumb_5348364_uploaded_image1_1748371157.jpg
4,450000CFA,"Ouakam, Dakar, Sénégal",https://images.coinafrique.com/thumb_5348362_uploaded_image1_1748371030.jpg
2,200000CFA,"Mamelles, Dakar, Sénégal",https://images.coinafrique.com/thumb_5382617_uploaded_image1_1750354976.jpg
3,380000CFA,"Mamelles, Dakar, Sénégal",https://images.coinafrique.com/thumb_5348386_uploaded_image1_1748371917.jpg
3,290000CFA,"Ouest Foire, Dakar, Sénégal",https://images.coinafrique.com/thumb_5348378_uploaded_image1_1748371650.jpg
3,350000CFA,"Ouest Foire, Dakar, Sénégal",https://images.coinafrique.com/thumb_5348374_uploaded_image1_1748371512.jpg
2,250000CFA,"Medina, Dakar, Sénégal",https://images.coinafrique.com/thumb_5349333_uploaded_image1_1748433482.jpg
3,400000CFA,"Dakar Plateau, Dakar, Sénégal",https://images.coinafrique.com/thumb_5349351_uploaded_image1_1748433922.jpg
3,350000CFA,"Medina, Dakar, Sénégal",https://images.coinafrique.com/thumb_5349329_uploaded_image1_1748433252.jpg
4,1200000CFA,"Yoff, Dakar, Sénégal",https://images.coinafrique.com/thumb_5368303_uploaded_image1_1749574368.jpg
3,290000CFA,"Fass, Dakar, Sénégal",https://images.coinafrique.com/thumb_5349319_uploaded_image1_1748432855.jpg
1,180000CFA,"Fass, Dakar, Sénégal",https://images.coinafrique.com/thumb_5349322_uploaded_image1_1748433022.jpg
2,250000CFA,"Ngor, Dakar, Sénégal",https://images.coinafrique.com/thumb_5392072_uploaded_image1_1750871424.jpg
4,700000CFA,"Mermoz-Sacré Coeur, Dakar, Sénégal",https://images.coinafrique.com/thumb_5373119_uploaded_image1_1749831824.jpg
3,225000CFA,"Mariste, Dakar, Sénégal",https://images.coinafrique.com/thumb_5391893_uploaded_image1_1750864129.jpg
3,600000CFA,"Mbour, Sénégal",https://images.coinafrique.com/thumb_5382315_uploaded_image1_1750343735.jpg
4,800000CFA,"Dakar, Sénégal",https://images.coinafrique.com/thumb_5347743_uploaded_image1_1748346001.jpg
6,400000000CFA,"Almadies, Dakar, Sénégal",https://images.coinafrique.com/thumb_5391708_uploaded_image1_1750855384.jpg
3,210000CFA,"Ngor, Dakar, Sénégal",https://images.coinafrique.com/thumb_5391358_uploaded_image1_1750844847.jpg
3,54000000CFA,"Rufisque, Sénégal",https://images.coinafrique.com/thumb_5391176_uploaded_image1_1750835883.jpg
3,165000CFA,"Pikine, Sénégal",https://images.coinafrique.com/thumb_5390901_uploaded_image1_1750810505.jpg
3,300000CFA,"Yoff, Dakar, Sénégal",https://images.coinafrique.com/thumb_5346857_uploaded_image1_1748287540.jpg
5,800000CFA,"Almadies, Dakar, Sénégal",https://images.coinafrique.com/thumb_5390489_uploaded_image1_1750793750.jpg
2,1200000CFA,"Almadies, Dakar, Sénégal",https://images.coinafrique.com/thumb_5349968_uploaded_image1_1748456207.jpg
4,370000CFA,"Almadies, Dakar, Sénégal",https://images.coinafrique.com/thumb_5349854_uploaded_image1_1748449223.jpg
5,912000CFA,"Sacré-Coeur, Dakar, Sénégal",https://images.coinafrique.com/thumb_5390016_uploaded_image1_1750777950.jpg
4,1300000CFA,"Ngor, Dakar, Sénégal",https://images.coinafrique.com/thumb_5370111_uploaded_image1_1749666620.jpg
4,180000000CFA,"Mermoz-Sacré Coeur, Dakar, Sénégal",https://images.coinafrique.com/thumb_5349092_uploaded_image1_1748423919.jpg
3,225CFA,"Mermoz-Sacré Coeur, Dakar, Sénégal",https://images.coinafrique.com/thumb_5389545_uploaded_image1_1750759074.jpg
3,35000000CFA,"Ouakam, Dakar, Sénégal",https://images.coinafrique.com/thumb_5388533_uploaded_image1_1750695633.jpg
12,550000CFA,"Point E, Dakar, Sénégal",https://images.coinafrique.com/thumb_5347875_uploaded_image1_1748351898.jpg
3,68000000CFA,"Parcelle Assainies, Dakar, Sénégal",https://images.coinafrique.com/thumb_5388321_uploaded_image1_1750686873.jpg
2,175000CFA,"Ngaparou, Sénégal",https://images.coinafrique.com/thumb_5347533_uploaded_image1_1748339831.jpg
4,400000CFA,"Sacré-Coeur, Dakar, Sénégal",https://images.coinafrique.com/thumb_5387310_uploaded_image1_1750631848.jpg
4,700000CFA,"Mermoz-Sacré Coeur, Dakar, Sénégal",https://images.coinafrique.com/thumb_5387307_uploaded_image1_1750631742.jpg
1,180000CFA,"Fass, Dakar, Sénégal",https://images.coinafrique.com/thumb_5343944_uploaded_image1_1748111914.jpg
4,2500000CFA,"Fann, Dakar, Sénégal",https://images.coinafrique.com/thumb_5346599_uploaded_image1_1748276575.jpg
4,45000CFA,"Ouest Foire, Dakar, Sénégal",https://images.coinafrique.com/thumb_5386813_uploaded_image1_1750610133.jpg
2,200000CFA,"Mamelles, Dakar, Sénégal",https://images.coinafrique.com/thumb_5346057_uploaded_image1_1748262153.jpg
3,225000CFA,"Mamelles, Dakar, Sénégal",https://images.coinafrique.com/thumb_5346041_uploaded_image1_1748261851.jpg
4,350000CFA,"Ouakam, Dakar, Sénégal",https://images.coinafrique.com/thumb_5346034_uploaded_image1_1748261703.jpg
4,300000CFA,"Ouest Foire, Dakar, Sénégal",https://images.coinafrique.com/thumb_5386552_uploaded_image1_1750595935.jpg
3,600000CFA,"Dakar, Sénégal",https://images.coinafrique.com/thumb_5345358_uploaded_image1_1748216720.jpg
4,375000CFA,"Yoff, Dakar, Sénégal",https://images.coinafrique.com/thumb_5386114_uploaded_image1_1750551738.jpg
2,350000CFA,"Dakar, Sénégal",https://images.coinafrique.com/thumb_5345355_uploaded_image1_1748216477.jpg
6,1500000CFA,"Ouakam, Dakar, Sénégal",https://images.coinafrique.com/thumb_5344822_uploaded_image1_1748193137.jpg
4,150000CFA,"Dakar, Sénégal",https://images.coinafrique.com/thumb_5384802_uploaded_image1_1750461176.jpg
3,40000000CFA,"HLM, Dakar, Sénégal",https://images.coinafrique.com/thumb_5384110_uploaded_image1_1750432434.jpg
4,1300000CFA,"Yoff, Dakar, Sénégal",https://images.coinafrique.com/thumb_5384107_uploaded_image1_1750432315.jpg
Non spécifié,100000CFA,"Grand Dakar, Dakar, Sénégal",https://images.coinafrique.com/thumb_5383772_uploaded_image1_1750421277.jpg
1,50000CFA,"Ouest Foire, Dakar, Sénégal",https://images.coinafrique.com/thumb_5383058_uploaded_image1_1750374307.jpg
3,400000CFA,"Almadies, Dakar, Sénégal",https://images.coinafrique.com/thumb_5382782_uploaded_image1_1750363610.jpg
4,450000CFA,"Dakar, Sénégal",https://images.coinafrique.com/thumb_5382669_uploaded_image1_1750357839.jpg
4,900000CFA,"Almadies, Dakar, Sénégal",https://images.coinafrique.com/thumb_5339495_uploaded_image1_1747866444.jpg
4,800000CFA,"Almadies, Dakar, Sénégal",https://images.coinafrique.com/thumb_5339485_uploaded_image1_1747866193.jpg
2,200000CFA,"Mermoz-Sacré Coeur, Dakar, Sénégal",https://images.coinafrique.com/thumb_5342225_uploaded_image1_1748018865.jpg
5,700000CFA,"Mermoz-Sacré Coeur, Dakar, Sénégal",https://images.coinafrique.com/thumb_5342196_uploaded_image1_1748017592.jpg
4,350000CFA,"Mariste, Dakar, Sénégal",https://images.coinafrique.com/thumb_5342192_uploaded_image1_1748017264.jpg
2,120000CFA,"Almadies 2, Dakar, Sénégal",https://images.coinafrique.com/thumb_5341020_uploaded_image1_1747941978.jpg
3,200000CFA,"Parcelle Assainies, Dakar, Sénégal",https://images.coinafrique.com/thumb_5382178_uploaded_image1_1750339170.jpg
4,350000CFA,"Yoff, Dakar, Sénégal",https://images.coinafrique.com/thumb_5382068_uploaded_image1_1750335045.jpg
3,130000CFA,"Keur Massar, Sénégal",https://images.coinafrique.com/thumb_5350361_uploaded_image1_1748477684.jpg
2,300000CFA,"Mermoz-Sacré Coeur, Dakar, Sénégal",https://images.coinafrique.com/thumb_5341225_uploaded_image1_1747952348.jpg
4,500000CFA,"Sicap Liberté, Dakar, Sénégal",https://images.coinafrique.com/thumb_5337184_uploaded_image1_1747756625.jpg
2,180000CFA,"Mariste, Dakar, Sénégal",https://images.coinafrique.com/thumb_5380602_uploaded_image1_1750255847.jpg
2,500000CFA,"Dakar Plateau, Dakar, Sénégal",https://images.coinafrique.com/thumb_5380058_uploaded_image1_1750237896.jpg
3,55000000CFA,"Mariste, Dakar, Sénégal",https://images.coinafrique.com/thumb_5379351_uploaded_image1_1750187469.jpg
4,750000CFA,"Almadies, Dakar, Sénégal",https://images.coinafrique.com/thumb_5342143_uploaded_image1_1748015672.jpg
4,170000CFA,"Keur Massar, Sénégal",https://images.coinafrique.com/thumb_5338734_uploaded_image1_1747835863.jpg
3,150000CFA,"Keur Massar, Sénégal",https://images.coinafrique.com/thumb_5338642_uploaded_image1_1747832924.jpg
4,150000CFA,"Keur Massar, Sénégal",https://images.coinafrique.com/thumb_5338610_uploaded_image1_1747832193.jpg
4,400000CFA,"Keur Massar, Sénégal",https://images.coinafrique.com/thumb_5338594_uploaded_image1_1747831896.jpg
Non spécifié,450000CFA,"Diamniadio, Sénégal",https://images.coinafrique.com/thumb_5378712_uploaded_image1_1750163323.jpg
5,500000CFA,"Mamelles, Dakar, Sénégal",https://images.coinafrique.com/thumb_5338249_uploaded_image1_1747822921.jpg
4,250000CFA,"Mariste, Dakar, Sénégal",https://images.coinafrique.com/thumb_5377739_uploaded_image1_1750109504.jpg
8,600000CFA,"Diamniadio, Sénégal",https://images.coinafrique.com/thumb_5377736_uploaded_image1_1750109292.jpg
8,600000CFA,"Diamniadio, Sénégal",https://images.coinafrique.com/thumb_5377732_uploaded_image1_1750108940.jpg
2,200000CFA,"Rufisque, Sénégal",https://images.coinafrique.com/thumb_5377499_uploaded_image1_1750097069.jpg
3,200000CFA,"Saint Louis, Sénégal",https://images.coinafrique.com/thumb_5377476_uploaded_image1_1750095871.jpg
3,700000CFA,"Sacré-Coeur, Dakar, Sénégal",https://images.coinafrique.com/thumb_5340616_uploaded_image1_1747922225.jpg
2,200000CFA,"Ouakam, Dakar, Sénégal",https://images.coinafrique.com/thumb_5336937_uploaded_image1_1747746525.jpg
3,700000CFA,"Ngor, Dakar, Sénégal",https://images.coinafrique.com/thumb_5340531_uploaded_image1_1747919478.jpg
5,600000CFA,"Ngor, Dakar, Sénégal",https://images.coinafrique.com/thumb_5340442_uploaded_image1_1747917437.jpg
3,550000CFA,"Point E, Dakar, Sénégal",https://images.coinafrique.com/thumb_5340427_uploaded_image1_1747917102.jpg
4,400000CFA,"Mariste, Dakar, Sénégal",https://images.coinafrique.com/thumb_5336839_uploaded_image1_1747742202.jpg
2,2500000CFA,"Ngor, Dakar, Sénégal",https://images.coinafrique.com/thumb_5376503_uploaded_image1_1750063512.jpg
3,3500000CFA,"Ngor, Dakar, Sénégal",https://images.coinafrique.com/thumb_5376495_uploaded_image1_1750063113.jpg
3,450000CFA,"Fass, Dakar, Sénégal",https://images.coinafrique.com/thumb_5375607_uploaded_image1_1749998534.jpg
4,450000CFA,"Ouakam, Dakar, Sénégal",https://images.coinafrique.com/thumb_5338348_uploaded_image1_1747826532.jpg
3,650000CFA,"Point E, Dakar, Sénégal",https://images.coinafrique.com/thumb_5334186_uploaded_image1_1747586331.jpg
4,800000CFA,"Mermoz-Sacré Coeur, Dakar, Sénégal",https://images.coinafrique.com/thumb_5334182_uploaded_image1_1747586111.jpg
4,1400000CFA,"Point E, Dakar, Sénégal",https://images.coinafrique.com/thumb_5334173_uploaded_image1_1747585627.jpg
3,600000CFA,"Medina, Dakar, Sénégal",https://images.coinafrique.com/thumb_5334167_uploaded_image1_1747585339.jpg
3,850000CFA,"Mamelles, Dakar, Sénégal",https://images.coinafrique.com/thumb_5334174_uploaded_image1_1747585784.jpg
3,750000CFA,"Yoff, Dakar, Sénégal",https://images.coinafrique.com/thumb_5337036_uploaded_image1_1747751593.jpg
2,175000CFA,"Yoff, Dakar, Sénégal",https://images.coinafrique.com/thumb_5374086_uploaded_image1_1749896937.jpg
4,375000CFA,"Ouest Foire, Dakar, Sénégal",https://images.coinafrique.com/thumb_5347405_uploaded_image1_1748335406.jpg
5,700000CFA,"Sacré-Coeur, Dakar, Sénégal",https://images.coinafrique.com/thumb_5328403_uploaded_image1_1747259900.jpg
2,300000CFA,"Ngor, Dakar, Sénégal",https://images.coinafrique.com/thumb_5328397_uploaded_image1_1747259754.jpg
3,415000CFA,"Ngor, Dakar, Sénégal",https://images.coinafrique.com/thumb_5328389_uploaded_image1_1747259511.jpg
4,650000CFA,"Almadies, Dakar, Sénégal",https://images.coinafrique.com/thumb_5331835_uploaded_image1_1747418936.jpg
4,375000CFA,"Sipres, Dakar, Sénégal",https://images.coinafrique.com/thumb_5329398_uploaded_image1_1747312877.jpg
4,500000CFA,"Almadies, Dakar, Sénégal",https://images.coinafrique.com/thumb_5335531_uploaded_image1_1747664585.jpg
2,300000CFA,"Almadies, Dakar, Sénégal",https://images.coinafrique.com/thumb_5335456_uploaded_image1_1747662387.jpg
3,750000CFA,"Yoff, Dakar, Sénégal",https://images.coinafrique.com/thumb_5372805_uploaded_image1_1749817733.jpg
3,350000CFA,"Ouakam, Dakar, Sénégal",https://images.coinafrique.com/thumb_5372686_uploaded_image1_1749813085.jpg
4,500000CFA,"Yoff, Dakar, Sénégal",https://images.coinafrique.com/thumb_5372553_uploaded_image1_1749810034.jpg
5,450000CFA,"Sicap Liberté, Dakar, Sénégal",https://images.coinafrique.com/thumb_5332410_uploaded_image1_1747470295.jpg
5,450000CFA,"Sicap Liberté, Dakar, Sénégal",https://images.coinafrique.com/thumb_5332407_uploaded_image1_1747470060.jpg
3,250000CFA,"Yoff, Dakar, Sénégal",https://images.coinafrique.com/thumb_5372125_uploaded_image1_1749781256.jpg
3,1100000CFA,"Mermoz-Sacré Coeur, Dakar, Sénégal",https://images.coinafrique.com/thumb_5372092_uploaded_image1_1749776223.jpg
4,350000CFA,"Sicap Liberté, Dakar, Sénégal",https://images.coinafrique.com/thumb_5327792_uploaded_image1_1747237776.jpg
2,250000CFA,"Damel, Dakar, Sénégal",https://images.coinafrique.com/thumb_5371571_uploaded_image1_1749748865.jpg
4,370000CFA,"Ouest Foire, Dakar, Sénégal",https://images.coinafrique.com/thumb_5371441_uploaded_image1_1749742891.jpg
3,500000CFA,"Almadies, Dakar, Sénégal",https://images.coinafrique.com/thumb_5371421_uploaded_image1_1749741499.jpg
4,1200000CFA,"Dakar Plateau, Dakar, Sénégal",https://images.coinafrique.com/thumb_5331396_uploaded_image1_1747403717.jpg
3,800000CFA,"Mermoz-Sacré Coeur, Dakar, Sénégal",https://images.coinafrique.com/thumb_5331374_uploaded_image1_1747402600.jpg
4,700000CFA,"Mermoz-Sacré Coeur, Dakar, Sénégal",https://images.coinafrique.com/thumb_5331312_uploaded_image1_1747400676.jpg
4,300000CFA,"Sicap Liberté, Dakar, Sénégal",https://images.coinafrique.com/thumb_5371182_uploaded_image1_1749732232.jpg
4,30000000CFA,"Sicap foire, Dakar, Sénégal",https://images.coinafrique.com/thumb_5330804_uploaded_image1_1747389352.jpg
4,800000CFA,"Mermoz-Sacré Coeur, Dakar, Sénégal",https://images.coinafrique.com/thumb_5370853_uploaded_image1_1749722591.jpg
3,950000CFA,"Yoff, Dakar, Sénégal",https://images.coinafrique.com/thumb_5330793_uploaded_image1_1747388330.jpg
4,365000CFA,"Ouakam, Dakar, Sénégal",https://images.coinafrique.com/thumb_5330798_uploaded_image1_1747390108.jpg
3,400000CFA,"Sicap Liberté, Dakar, Sénégal",https://images.coinafrique.com/thumb_5370454_uploaded_image1_1749687632.jpg
2,325000CFA,"Mamelles, Dakar, Sénégal",https://images.coinafrique.com/thumb_5330363_uploaded_image1_1747348001.jpg
3,300000CFA,"Grand Yoff, Dakar, Sénégal",https://images.coinafrique.com/thumb_5370414_uploaded_image1_1749682801.jpg
4,149000000CFA,"Sacré-Coeur, Dakar, Sénégal",https://images.coinafrique.com/thumb_5348520_uploaded_image1_1748378836.jpg
3,550000CFA,"Ngor, Dakar, Sénégal",https://images.coinafrique.com/thumb_5330106_uploaded_image1_1747336928.jpg
4,650000CFA,"Ngor, Dakar, Sénégal",https://images.coinafrique.com/thumb_5330070_uploaded_image1_1747335846.jpg
5,700000CFA,"Point E, Dakar, Sénégal",https://images.coinafrique.com/thumb_5330058_uploaded_image1_1747335186.jpg
5,1450000CFA,"Ngor, Dakar, Sénégal",https://images.coinafrique.com/thumb_5330055_uploaded_image1_1747335103.jpg
3,150000CFA,"Keur Massar, Sénégal",https://images.coinafrique.com/thumb_5369890_uploaded_image1_1749657524.jpg
4,300000CFA,"Ouakam, Dakar, Sénégal",https://images.coinafrique.com/thumb_5369765_uploaded_image1_1749654187.jpg
4,425000CFA,"Mamelles, Dakar, Sénégal",https://images.coinafrique.com/thumb_5369493_uploaded_image1_1749644292.jpg
4,800000CFA,"Mermoz-Sacré Coeur, Dakar, Sénégal",https://images.coinafrique.com/thumb_5369217_uploaded_image1_1749635796.jpg
3,300000CFA,"Dieuppeul-Derklé, Dakar, Sénégal",https://images.coinafrique.com/thumb_5328332_uploaded_image1_1747257104.jpg
4,280000CFA,"Ouakam, Dakar, Sénégal",https://images.coinafrique.com/thumb_5368626_uploaded_image1_1749590217.jpg
2,600000CFA,"Almadies, Dakar, Sénégal",https://images.coinafrique.com/thumb_5327881_uploaded_image1_1747241281.jpg
4,500000CFA,"Almadies, Dakar, Sénégal",https://images.coinafrique.com/thumb_5327863_uploaded_image1_1747240950.jpg
4,1300000CFA,"Almadies, Dakar, Sénégal",https://images.coinafrique.com/thumb_5327851_uploaded_image1_1747240492.jpg
4,700000CFA,"Ngor, Dakar, Sénégal",https://images.coinafrique.com/thumb_5327842_uploaded_image1_1747240084.jpg
4,700000CFA,"Ngor, Dakar, Sénégal",https://images.coinafrique.com/thumb_5327845_uploaded_image1_1747240251.jpg
5,150000000CFA,"Dakar, Sénégal",https://images.coinafrique.com/thumb_5367897_uploaded_image1_1749558036.jpg
5,220000000CFA,"Ngor, Dakar, Sénégal",https://images.coinafrique.com/thumb_5367868_uploaded_image1_1749556523.jpg
4,300000CFA,"Yoff, Dakar, Sénégal",https://images.coinafrique.com/thumb_5367402_uploaded_image1_1749534295.jpg
3,475000CFA,"Yoff, Dakar, Sénégal",https://images.coinafrique.com/thumb_5367362_uploaded_image1_1749529362.jpg
3,160000CFA,"Pikine, Sénégal",https://images.coinafrique.com/thumb_5367277_uploaded_image1_1749514117.jpg
4,1800000CFA,"Almadies, Dakar, Sénégal",https://images.coinafrique.com/thumb_5367061_uploaded_image1_1749502437.jpg
5,1500000CFA,"Yoff, Dakar, Sénégal",https://images.coinafrique.com/thumb_5322513_uploaded_image1_1746977047.jpg
4,350000CFA,"Sicap Liberté, Dakar, Sénégal",https://images.coinafrique.com/thumb_5322020_uploaded_image1_1746919251.jpg
4,38000000CFA,"Almadies 2, Dakar, Sénégal",https://images.coinafrique.com/thumb_5365787_uploaded_image1_1749422866.jpg
4,2500000CFA,"Fann, Dakar, Sénégal",https://images.coinafrique.com/thumb_5324499_uploaded_image1_1747074519.jpg
3,225000CFA,"Mariste, Dakar, Sénégal",https://images.coinafrique.com/thumb_5365508_uploaded_image1_1749407808.jpg
3,120000CFA,"Keur Massar, Sénégal",https://images.coinafrique.com/thumb_5323962_uploaded_image1_1747057700.jpg
4,1000000CFA,"Point E, Dakar, Sénégal",https://images.coinafrique.com/thumb_5321012_uploaded_image1_1746868343.jpg
3,500000CFA,"Mamelles, Dakar, Sénégal",https://images.coinafrique.com/thumb_5323670_uploaded_image1_1747049827.jpg
4,550000CFA,"Mamelles, Dakar, Sénégal",https://images.coinafrique.com/thumb_5323676_uploaded_image1_1747050043.jpg
4,180000000CFA,"Almadies, Dakar, Sénégal",https://images.coinafrique.com/thumb_5323634_uploaded_image1_1747048633.jpg
Non spécifié,Prixsurdemande,"Ouakam, Dakar, Sénégal",https://images.coinafrique.com/thumb_5323625_uploaded_image1_1747048356.jpg
3,250000CFA,"Ouakam, Dakar, Sénégal",https://images.coinafrique.com/thumb_5323615_uploaded_image1_1747047983.jpg
6,1200000CFA,"Yoff, Dakar, Sénégal",https://images.coinafrique.com/thumb_5323568_uploaded_image1_1747045889.jpg
5,1000000CFA,"Yoff, Dakar, Sénégal",https://images.coinafrique.com/thumb_5323576_uploaded_image1_1747046124.jpg
3,300000CFA,"Ngor, Dakar, Sénégal",https://images.coinafrique.com/thumb_5322679_uploaded_image1_1746987415.jpg
3,350000CFA,"Sicap Liberté, Dakar, Sénégal",https://images.coinafrique.com/thumb_5319804_uploaded_image1_1746797592.jpg
4,650000CFA,"Sacré-Coeur, Dakar, Sénégal",https://images.coinafrique.com/thumb_5322442_uploaded_image1_1746970045.jpg
1,180000CFA,"Fass, Dakar, Sénégal",https://images.coinafrique.com/thumb_5321769_uploaded_image1_1746903508.jpg
1,170000CFA,"Fass, Dakar, Sénégal",https://images.coinafrique.com/thumb_5321775_uploaded_image1_1746903907.jpg
3,1200000CFA,"Fann, Dakar, Sénégal",https://images.coinafrique.com/thumb_5363406_uploaded_image1_1749238532.jpg
1,160000CFA,"Fass, Dakar, Sénégal",https://images.coinafrique.com/thumb_5321763_uploaded_image1_1746903200.jpg
4,400000CFA,"Yoff, Dakar, Sénégal",https://images.coinafrique.com/thumb_5318279_uploaded_image1_1746722100.jpg
3,1200000CFA,"Ouakam, Dakar, Sénégal",https://images.coinafrique.com/thumb_5331606_uploaded_image1_1747409604.jpg
3,25000CFA,"Djily MBaye, Dakar, Sénégal",https://images.coinafrique.com/thumb_5363183_uploaded_image1_1749224000.jpg
4,1900000CFA,"Almadies, Dakar, Sénégal",https://images.coinafrique.com/thumb_5331530_uploaded_image1_1747407344.jpg
2,215000CFA,"Yoff, Dakar, Sénégal",https://images.coinafrique.com/thumb_5321454_uploaded_image1_1746885834.jpg
4,38000000CFA,"Dakar, Sénégal",https://images.coinafrique.com/thumb_5362833_uploaded_image1_1749202044.jpg
3,85000000CFA,"Dakar, Sénégal",https://images.coinafrique.com/thumb_5362617_uploaded_image1_1749177076.jpg
4,425000CFA,"Sipres, Dakar, Sénégal",https://images.coinafrique.com/thumb_5320290_uploaded_image1_1746813485.jpg
2,200000CFA,"Almadies, Dakar, Sénégal",https://images.coinafrique.com/thumb_5362136_uploaded_image1_1749142854.jpg
3,825000CFA,"Dakar, Sénégal",https://images.coinafrique.com/thumb_5323753_uploaded_image1_1747052859.jpg
1,35000CFA,"Mamelles, Dakar, Sénégal",https://images.coinafrique.com/thumb_5361883_uploaded_image1_1749128429.jpg
1,45000CFA,"Mamelles, Dakar, Sénégal",https://images.coinafrique.com/thumb_5361864_uploaded_image1_1749127268.jpg
3,200000CFA,"Parcelle Assainies, Dakar, Sénégal",https://images.coinafrique.com/thumb_5361769_uploaded_image1_1749123416.jpg
3,4500000CFA,"Dakar, Sénégal",https://images.coinafrique.com/thumb_5360381_uploaded_image1_1749048725.jpg
3,400000CFA,"Dakar Plateau, Dakar, Sénégal",https://images.coinafrique.com/thumb_5317600_uploaded_image1_1746704398.jpg
2,225000CFA,"Dakar Plateau, Dakar, Sénégal",https://images.coinafrique.com/thumb_5317583_uploaded_image1_1746704117.jpg
1,170000CFA,"Fass, Dakar, Sénégal",https://images.coinafrique.com/thumb_5317419_uploaded_image1_1746699817.jpg
1,180000CFA,"Fass, Dakar, Sénégal",https://images.coinafrique.com/thumb_5317401_uploaded_image1_1746699470.jpg
3,350000CFA,"Medina, Dakar, Sénégal",https://images.coinafrique.com/thumb_5317382_uploaded_image1_1746698975.jpg
2,250000CFA,"Medina, Dakar, Sénégal",https://images.coinafrique.com/thumb_5317371_uploaded_image1_1746698674.jpg
4,90000CFA,"Almadies 2, Dakar, Sénégal",https://images.coinafrique.com/thumb_5359899_uploaded_image1_1749032968.jpg
2,225000CFA,"Dakar Plateau, Dakar, Sénégal",https://images.coinafrique.com/thumb_5322297_uploaded_image1_1746956684.jpg
3,400000CFA,"Dakar Plateau, Dakar, Sénégal",https://images.coinafrique.com/thumb_5322290_uploaded_image1_1746956408.jpg
2,250000CFA,"Medina, Dakar, Sénégal",https://images.coinafrique.com/thumb_5322269_uploaded_image1_1746955061.jpg
4,600000CFA,"Dakar Plateau, Dakar, Sénégal",https://images.coinafrique.com/thumb_5322273_uploaded_image1_1746955275.jpg
3,350000CFA,"Medina, Dakar, Sénégal",https://images.coinafrique.com/thumb_5322266_uploaded_image1_1746954835.jpg
3,290000CFA,"Fass, Dakar, Sénégal",https://images.coinafrique.com/thumb_5322261_uploaded_image1_1746954599.jpg
2,375000CFA,"Almadies, Dakar, Sénégal",https://images.coinafrique.com/thumb_5358958_uploaded_image1_1748974665.jpg
4,500000CFA,"Yoff, Dakar, Sénégal",https://images.coinafrique.com/thumb_5313031_uploaded_image1_1746460361.jpg
4,900000CFA,"Yoff, Dakar, Sénégal",https://images.coinafrique.com/thumb_5316331_uploaded_image1_1746631386.jpg
4,800000CFA,"Mermoz-Sacré Coeur, Dakar, Sénégal",https://images.coinafrique.com/thumb_5316270_uploaded_image1_1746629965.jpg
2,200000CFA,"Sicap Liberté, Dakar, Sénégal",https://images.coinafrique.com/thumb_5316233_uploaded_image1_1746628859.jpg
